SA2_NAME_2011,QI_INDICATOR
Goulburn,Acceptable
Goulburn Region,Poor
Yass,Poor
Yass Region,Poor
Young,Acceptable
Young Region,Acceptable
Braidwood,Acceptable
Karabar,Poor
Queanbeyan,Poor
Queanbeyan - East,Poor
Queanbeyan Region,Poor
Queanbeyan West - Jerrabomberra,Acceptable
Bombala,Good
Cooma,Acceptable
Cooma Region,Poor
Jindabyne - Berridale,Good
Batemans Bay,Poor
Batemans Bay - South,Poor
Bega - Tathra,Poor
Bega-Eden Hinterland,Poor
Broulee - Tomakin,Poor
Deua - Wadbilliga,Poor
Eden,Good
Eurobodalla Hinterland,Poor
Merimbula - Tura Beach,Good
Moruya - Tuross Head,Poor
Narooma - Bermagui,Good
Avoca Beach - Copacabana,Poor
Box Head - MacMasters Beach,Poor
Calga - Kulnura,Poor
Erina - Green Point,Poor
Gosford - Springfield,Poor
Kariong,Poor
Kincumber - Picketts Valley,Poor
Narara,Poor
Niagara Park - Lisarow,Poor
Point Clare - Koolewong,Poor
Saratoga - Davistown,Poor
Terrigal - North Avoca,Poor
Umina - Booker Bay - Patonga,Acceptable
Wamberal - Forresters Beach,Poor
Woy Woy - Blackwall,Acceptable
Wyoming,Poor
Bateau Bay - Killarney Vale,Poor
Blue Haven - San Remo,Poor
Budgewoi - Buff Point - Halekulani,Poor
Chittaway Bay - Tumbi Umbi,Poor
Gorokan - Kanwal - Charmhaven,Poor
Jilliby - Yarramalong,Poor
Lake Munmorah - Mannering Park,Poor
Ourimbah - Fountaindale,Good
Summerland Point - Gwandalan,Poor
The Entrance,Poor
Toukley - Norah Head,Poor
Tuggerah - Kangy Angy,Poor
Warnervale - Wadalba,Poor
Wyong,Poor
Bathurst,Poor
Bathurst - East,Poor
Bathurst Region,Poor
Oberon,Acceptable
Condobolin,Acceptable
Cowra,Acceptable
Cowra Region,Acceptable
Forbes,Good
Grenfell,Good
Parkes (NSW),Good
Parkes Region,Poor
West Wyalong,Acceptable
Lithgow,Acceptable
Lithgow Region,Poor
Mudgee,Poor
Mudgee Region - East,Acceptable
Mudgee Region - West,Poor
Wollangambe - Wollemi,Poor
Blayney,Acceptable
Orange,Poor
Orange - North,Poor
Orange Region,Poor
Grafton,Poor
Grafton Region,Poor
Maclean - Yamba - Iluka,Acceptable
Bellingen,Poor
Coffs Harbour - North,Poor
Coffs Harbour - South,Poor
Coramba - Nana Glen - Bucca,Poor
Dorrigo,Acceptable
Korora - Emerald Beach,Poor
Sawtell - Boambee,Acceptable
Urunga,Poor
Woolgoolga - Arrawarra,Acceptable
Bourke - Brewarrina,Good
Cobar,Good
Coonamble,Acceptable
Nyngan - Warren,Acceptable
Walgett - Lightning Ridge,Good
Broken Hill,Good
Far West,Poor
Coonabarabran,Good
Dubbo - East,Poor
Dubbo - South,Poor
Dubbo - West,Poor
Dubbo Region,Poor
Gilgandra,Acceptable
Narromine,Good
Wellington,Acceptable
Branxton - Greta - Pokolbin,Acceptable
Cessnock,Acceptable
Cessnock Region,Poor
Dungog,Acceptable
Kurri Kurri - Abermain,Acceptable
Singleton,Acceptable
Singleton Region,Poor
Maitland,Poor
Maitland - East,Acceptable
Maitland - North,Poor
Maitland - West,Poor
Thornton - Millers Forest,Poor
Anna Bay,Good
Lemon Tree Passage - Tanilba Bay,Good
Nelson Bay Peninsula,Good
Raymond Terrace,Poor
Seaham - Woodville,Poor
Tea Gardens - Hawks Nest,Poor
Williamtown - Medowie - Karuah,Acceptable
Muswellbrook,Acceptable
Muswellbrook Region,Poor
Scone,Poor
Scone Region,Acceptable
Berkeley - Warrawong - Windang,Good
Dapto - Avondale,Acceptable
Horsley - Kembla Grange,Poor
Port Kembla Industrial,Poor
Unanderra - Mount Kembla,Good
Illawarra Catchment Reserve,Poor
Albion Park - Macquarie Pass,Poor
Albion Park Rail,Poor
Kiama,Poor
Kiama Downs - Minnamurra,Poor
Kiama Hinterland - Gerringong,Poor
Shellharbour - Flinders,Poor
Shellharbour - Oak Flats,Poor
Warilla,Acceptable
Balgownie - Fairy Meadow,Acceptable
Corrimal - Tarrawanna - Bellambi,Acceptable
Figtree - Keiraville,Poor
Helensburgh,Good
Thirroul - Austinmer - Coalcliff,Good
Wollongong,Acceptable
Woonona - Bulli - Russell Vale,Good
Bulahdelah - Stroud,Poor
Forster,Poor
Forster-Tuncurry Region,Poor
Tuncurry,Poor
Kempsey,Poor
Kempsey Region,Poor
Macksville - Scotts Head,Poor
Nambucca Heads,Acceptable
Nambucca Heads Region,Poor
South West Rocks,Good
Lord Howe Island,Good
Laurieton - Bonny Hills,Good
Port Macquarie - East,Poor
Port Macquarie - West,Poor
Port Macquarie Region,Poor
Wauchope,Acceptable
Gloucester,Good
Old Bar - Manning Point - Red Head,Poor
Taree,Poor
Taree Region,Poor
Wingham,Poor
Albury - East,Poor
Albury - North,Poor
Albury - South,Poor
Albury Region,Poor
Lavington,Good
Hay,Acceptable
Wentworth - Buronga,Acceptable
Wentworth-Balranald Region,Acceptable
Corowa,Acceptable
Corowa Region,Acceptable
Deniliquin,Poor
Deniliquin Region,Poor
Moama,Acceptable
Tocumwal - Finley - Jerilderie,Acceptable
Armidale,Acceptable
Armidale Region - North,Poor
Armidale Region - South,Poor
Walcha,Good
Glen Innes,Good
Inverell,Acceptable
Inverell Region - East,Poor
Inverell Region - West,Acceptable
Tenterfield,Acceptable
Moree,Acceptable
Moree Region,Poor
Narrabri,Acceptable
Narrabri Region,Poor
Gunnedah,Acceptable
Gunnedah Region,Poor
Quirindi,Good
Tamworth - East,Poor
Tamworth - North,Poor
Tamworth - West,Poor
Tamworth Region,Poor
Belmont - Bennetts Green,Poor
Belmont South - Blacksmiths,Poor
Charlestown - Dudley,Poor
Glendale - Cardiff - Hillsborough,Poor
Mount Hutton - Windale,Poor
Redhead,Poor
Swansea - Caves Beach,Acceptable
Valentine - Eleebana,Poor
Warners Bay - Boolaroo,Poor
Bolton Point - Teralba,Poor
Bonnells Bay - Silverwater,Poor
Edgeworth - Cameron Park,Poor
Morisset - Cooranbong,Poor
Toronto - Awaba,Poor
Wangi Wangi - Rathmines,Poor
West Wallsend - Barnsley - Killingworth,Good
Adamstown - Kotara,Acceptable
Beresfield - Hexham,Poor
Hamilton - Broadmeadow,Good
Lambton - New Lambton,Poor
Maryland - Fletcher - Minmi,Poor
Mayfield - Warabrook,Good
Merewether - The Junction,Good
Newcastle - Cooks Hill,Good
Newcastle Port - Kooragang,Poor
Shortland - Jesmond,Poor
Stockton - Fullerton Cove,Good
Wallsend - Elermore Vale,Poor
Waratah - North Lambton,Acceptable
Wickham - Carrington - Tighes Hill,Good
Ballina,Poor
Ballina Region,Acceptable
Bangalow,Poor
Brunswick Heads - Ocean Shores,Poor
Byron Bay,Acceptable
Evans Head,Acceptable
Lennox Head - Skennars Head,Poor
Mullumbimby,Acceptable
Casino,Acceptable
Casino Region,Poor
Goonellabah,Poor
Kyogle,Acceptable
Lismore,Poor
Lismore Region,Poor
Kingscliff - Fingal Head,Good
Murwillumbah,Poor
Murwillumbah Region,Poor
Pottsville,Acceptable
Tweed Heads,Acceptable
Tweed Heads - South,Acceptable
Griffith (NSW),Acceptable
Griffith Region,Poor
Leeton,Good
Narrandera,Acceptable
Tumbarumba,Acceptable
Tumut,Acceptable
Tumut Region,Poor
Cootamundra,Good
Gundagai,Acceptable
Junee,Acceptable
Temora,Acceptable
Wagga Wagga - East,Poor
Wagga Wagga - North,Poor
Wagga Wagga - South,Poor
Wagga Wagga - West,Poor
Wagga Wagga Region,Poor
Berry - Kangaroo Valley,Acceptable
Callala Bay - Currarong,Poor
Culburra Beach,Poor
Ettrema - Sassafras - Budawang,Poor
Huskisson - Vincentia,Poor
North Nowra - Bomaderry,Poor
Nowra,Poor
St Georges Basin - Erowal Bay,Poor
Sussex Inlet - Berrara,Poor
Tomerong - Wandandian - Woollamia,Poor
Ulladulla,Acceptable
Ulladulla Region,Poor
Bowral,Good
Hill Top - Colo Vale,Poor
Mittagong,Poor
Moss Vale - Berrima,Poor
Robertson - Fitzroy Falls,Poor
Southern Highlands,Poor
Baulkham Hills (East),Poor
Baulkham Hills (West) - Bella Vista,Poor
Castle Hill,Poor
Cherrybrook,Acceptable
Glenhaven,Poor
Kellyville,Poor
West Pennant Hills,Acceptable
Dural - Kenthurst - Wisemans Ferry,Acceptable
Galston - Laughtondale,Good
Bilpin - Colo - St Albans,Poor
Kurrajong Heights - Ebenezer,Poor
Pitt Town - McGraths Hill,Poor
Rouse Hill - Beaumont Hills,Poor
Blacktown (East) - Kings Park,Poor
Blacktown (North) - Marayong,Poor
Blacktown (South),Poor
Doonside - Woodcroft,Good
Lalor Park - Kings Langley,Poor
Seven Hills - Toongabbie,Poor
Glenwood,Poor
Parklea - Kellyville Ridge,Poor
Quakers Hill - Acacia Gardens,Acceptable
Riverstone - Marsden Park,Poor
Bidwill - Hebersham - Emerton,Poor
Glendenning Dean Park,Poor
Hassall Grove - Plumpton,Poor
Lethbridge Park - Tregear,Poor
Mount Druitt - Whalan,Poor
Prospect Reservoir,Poor
Rooty Hill - Minchinbury,Poor
Banksmeadow,Poor
Botany,Good
Mascot - Eastlakes,Acceptable
Pagewood - Hillsdale - Daceyville,Poor
Port Botany Industrial,Poor
Sydney Airport,Poor
Marrickville,Good
Petersham - Stanmore,Poor
Sydenham - Tempe - St Peters,Good
Darlinghurst,Poor
Erskineville - Alexandria,Good
Glebe - Forest Lodge,Acceptable
Newtown - Camperdown - Darlington,Poor
Potts Point - Woolloomooloo,Good
Pyrmont - Ultimo,Good
Redfern - Chippendale,Acceptable
Surry Hills,Poor
Sydney - Haymarket - The Rocks,Good
Waterloo - Beaconsfield,Acceptable
Bondi - Tamarama - Bronte,Poor
Bondi Beach - North Bondi,Poor
Bondi Junction - Waverly,Acceptable
Centennial Park,Poor
Double Bay - Bellevue Hill,Good
Dover Heights,Poor
Paddington - Moore Park,Good
Rose Bay - Vaucluse - Watsons Bay,Poor
Woollahra,Good
Coogee - Clovelly,Acceptable
Kensington - Kingsford,Good
Malabar - La Perouse - Chifley,Acceptable
Maroubra,Acceptable
Randwick,Acceptable
Bankstown,Poor
Bass Hill - Georges Hall,Acceptable
Chullora,Poor
Condell Park,Poor
Greenacre - Mount Lewis,Good
Padstow,Good
Panania - Milperra - Picnic Point,Good
Revesby,Good
Yagoona - Birrong,Acceptable
Belmore - Belfield,Good
Canterbury (South) - Campsie,Acceptable
Kingsgrove (North) - Earlwood,Acceptable
Lakemba - Wiley Park,Good
Punchbowl,Poor
Roselands,Poor
Hurstville,Poor
Mortdale - Penshurst,Poor
Narwee - Beverly Hills,Acceptable
Oatley - Hurstville Grove,Poor
Peakhurst - Lugarno,Poor
Riverwood,Poor
South Hurstville - Blakehurst,Acceptable
Arncliffe - Bardwell Valley,Acceptable
Bexley,Poor
Kingsgrove (South) - Bardwell Park,Poor
Kogarah,Poor
Kogarah Bay - Carlton - Allawah,Poor
Monterey - Brighton-le-Sands - Kyeemagh,Poor
Rockdale - Banksia,Poor
Sans Souci - Ramsgate,Acceptable
Concord - Mortlake - Cabarita,Acceptable
Concord West - North Strathfield,Acceptable
Drummoyne - Rodd Point,Poor
Five Dock - Abbotsford,Acceptable
Balmain,Good
Leichhardt - Annandale,Acceptable
Lilyfield - Rozelle,Poor
Ashfield,Good
Burwood - Croydon,Good
Canterbury (North) - Ashbury,Poor
Croydon Park - Enfield,Acceptable
Dulwich Hill - Lewisham,Acceptable
Haberfield - Summer Hill,Good
Homebush,Good
Strathfield,Acceptable
Chatswood (East) - Artarmon,Poor
Chatswood (West) - Lane Cove North,Poor
Lane Cove - Greenwich,Poor
St Leonards - Naremburn,Poor
Willoughby - Castle Cove - Northbridge,Acceptable
Asquith - Mount Colah,Poor
Berowra - Brooklyn - Cowan,Good
Hornsby - Waitara,Poor
Normanhurst - Thornleigh - Westleigh,Poor
Gordon - Killara,Good
Lindfield - Roseville,Acceptable
Pymble,Good
St Ives,Good
Turramurra,Acceptable
Wahroonga - Warrawee,Poor
Cremorne - Cammeray,Good
Crows Nest - Waverton,Poor
Mosman,Good
Neutral Bay - Kirribilli,Acceptable
North Sydney - Lavender Bay,Poor
Balgowlah - Clontarf - Seaforth,Poor
Manly - Fairlight,Good
Avalon - Palm Beach,Acceptable
Bayview - Elanora Heights,Poor
Newport - Bilgola,Acceptable
Warriewood - Mona Vale,Acceptable
Beacon Hill - Narraweena,Poor
Cromer,Poor
Dee Why - North Curl Curl,Poor
Forestville - Killarney Heights,Good
Frenchs Forest - Belrose,Good
Freshwater - Brookvale,Acceptable
Manly Vale - Allambie Heights,Poor
Narrabeen - Collaroy,Acceptable
Terrey Hills - Duffys Forest,Good
Camden - Ellis Lane,Poor
Elderslie - Harrington Park,Poor
Mount Annan - Currans Hill,Poor
Bradbury - Wedderburn,Poor
Campbelltown - Woodbine,Poor
Claymore - Eagle Vale - Raby,Acceptable
Holsworthy Military Area,Poor
Ingleburn - Denham Court,Good
Leumeah - Minto Heights,Poor
Macquarie Fields - Glenfield,Good
Minto - St Andrews,Poor
Rosemeadow - Glen Alpine,Poor
Bargo,Good
Douglas Park - Appin,Poor
Picton - Tahmoor - Buxton,Acceptable
The Oaks - Oakdale,Poor
Blackheath - Megalong Valley,Good
Blaxland - Warrimoo - Lapstone,Good
Blue Mountains - North,Poor
Katoomba - Leura,Good
Lawson - Hazelbrook - Linden,Good
Springwood - Winmalee,Good
Wentworth Falls,Good
Blue Mountains - South,Poor
Cambridge Park,Poor
Castlereagh - Cranebrook,Good
Emu Plains - Leonay,Poor
Glenmore Park - Regentville,Acceptable
Jamisontown - South Penrith,Poor
Kingswood - Werrington,Poor
Mulgoa - Luddenham - Orchard Hills,Poor
Penrith,Poor
Warragamba - Silverdale,Good
Richmond - Clarendon,Poor
Windsor - Bligh Park,Poor
Yarramundi - Londonderry,Poor
Erskine Park,Poor
St Clair,Poor
St Marys - Colyton,Good
Auburn,Good
Homebush Bay - Silverwater,Good
Lidcombe - Regents Park,Good
Rookwood Cemetery,Poor
Carlingford,Acceptable
Ermington - Rydalmere,Acceptable
Oatlands - Dundas Valley,Acceptable
Chester Hill - Sefton,Good
Fairfield - East,Poor
Granville - Clyde,Poor
Greystanes - Pemulwuy,Poor
Guildford - South Granville,Poor
Guildford West - Merrylands West,Poor
Merrylands - Holroyd,Poor
Smithfield Industrial,Poor
Yennora Industrial,Poor
Girraween - Westmead,Poor
North Parramatta,Poor
North Rocks,Poor
Northmead,Poor
Parramatta - Rosehill,Poor
Toongabbie - Constitution Hill,Poor
Winston Hills,Poor
Epping - North Epping,Good
Pennant Hills - Cheltenham,Poor
Eastwood - Denistone,Poor
Gladesville - Huntleys Point,Good
Hunters Hill - Woolwich,Good
Macquarie Park - Marsfield,Poor
North Ryde - East Ryde,Poor
Ryde - Putney,Acceptable
West Ryde - Meadowbank,Acceptable
Ashcroft - Busby - Miller,Poor
Badgerys Creek - Greendale,Poor
Cobbitty - Leppington,Poor
Green Valley - Cecil Hills,Poor
Hoxton Park - Horningsea Park,Poor
Bonnyrigg Heights - Bonnyrigg,Good
Bossley Park - Abbotsbury,Poor
Cabramatta - Lansvale,Poor
Cabramatta West - Mount Pritchard,Poor
Canley Vale - Canley Heights,Poor
Edensor Park,Poor
Fairfield,Poor
Fairfield - West,Poor
Greenfield Park - Prairiewood,Poor
Horsley Park - Kemps Creek,Poor
Smithfield - Wetherill Park,Good
St Johns Park - Wakeley,Poor
Wetherill Park Industrial,Poor
Casula,Poor
Chipping Norton - Moorebank,Poor
Holsworthy - Wattle Grove,Acceptable
Liverpool - Warwick Farm,Poor
Prestons - Lurnea,Poor
Caringbah - Lilli Pilli,Good
Cronulla - Kurnell - Bundeena,Good
Gymea - Grays Point,Acceptable
Miranda - Yowie Bay,Good
Sylvania - Taren Point,Acceptable
Engadine - Loftus,Poor
Heathcote - Waterfall,Poor
Illawong - Alfords Point,Poor
Menai - Lucas Heights - Woronora,Poor
Oyster Bay - Como - Jannali,Acceptable
Royal National Park,Poor
Sutherland - Kirrawee,Poor
Alfredton,Poor
Ballarat,Poor
Ballarat - North,Poor
Ballarat - South,Poor
Buninyong,Poor
Delacombe,Poor
Smythes Creek,Poor
Wendouree - Miners Rest,Poor
Bacchus Marsh Region,Acceptable
Creswick - Clunes,Acceptable
Daylesford,Acceptable
Gordon (Vic.),Poor
Avoca,Poor
Beaufort,Poor
Golden Plains - North,Poor
Maryborough (Vic.),Acceptable
Maryborough Region,Poor
Bendigo,Poor
California Gully - Eaglehawk,Acceptable
East Bendigo - Kennington,Poor
Flora Hill - Spring Gully,Poor
Kangaroo Flat - Golden Square,Good
Maiden Gully,Poor
Strathfieldsaye,Poor
White Hills - Ascot,Poor
Bendigo Region - South,Poor
Castlemaine,Acceptable
Castlemaine Region,Poor
Heathcote,Acceptable
Kyneton,Acceptable
Woodend,Good
Bendigo Region - North,Poor
Loddon,Acceptable
Bannockburn,Acceptable
Golden Plains - South,Acceptable
Winchelsea,Acceptable
Belmont,Poor
Corio - Norlane,Good
Geelong,Poor
Geelong West - Hamlyn Heights,Acceptable
Grovedale,Poor
Highton,Poor
Lara,Good
Leopold,Good
Newcomb - Moolap,Poor
Newtown (Vic.),Poor
North Geelong - Bell Park,Poor
Clifton Springs,Good
Lorne - Anglesea,Good
Ocean Grove - Barwon Heads,Good
Portarlington,Good
Queenscliff,Good
Torquay,Good
Alexandra,Good
Euroa,Good
Kilmore - Broadford,Good
Mansfield (Vic.),Good
Nagambie,Good
Seymour,Acceptable
Seymour Region,Poor
Upper Yarra Valley,Poor
Yea,Acceptable
Benalla,Good
Benalla Region,Good
Rutherglen,Good
Wangaratta,Good
Wangaratta Region,Acceptable
Beechworth,Good
Bright - Mount Beauty,Acceptable
Chiltern - Indigo Valley,Good
Myrtleford,Good
Towong,Acceptable
West Wodonga,Poor
Wodonga,Poor
Yackandandah,Poor
Drouin,Good
Mount Baw Baw Region,Poor
Trafalgar (Vic.),Good
Warragul,Good
Alps - East,Poor
Bairnsdale,Acceptable
Bruthen - Omeo,Poor
Lake King,Poor
Lakes Entrance,Good
Orbost,Good
Paynesville,Acceptable
Foster,Good
French Island,Good
Korumburra,Good
Leongatha,Good
Phillip Island,Good
Wilsons Promontory,Poor
Wonthaggi - Inverloch,Acceptable
Churchill,Poor
Moe - Newborough,Acceptable
Morwell,Acceptable
Traralgon,Good
Yallourn North - Glengarry,Poor
Alps - West,Poor
Longford - Loch Sport,Poor
Maffra,Good
Rosedale,Poor
Sale,Good
Yarram,Acceptable
Brunswick,Good
Brunswick East,Good
Brunswick West,Good
Coburg,Acceptable
Pascoe Vale South,Poor
Alphington - Fairfield,Acceptable
Northcote,Good
Thornbury,Good
Ascot Vale,Poor
Essendon - Aberfeldie,Acceptable
Flemington,Poor
Moonee Ponds,Good
Carlton,Good
Docklands,Good
East Melbourne,Good
Flemington Racecourse,Poor
Kensington,Poor
Melbourne,Good
North Melbourne,Good
Parkville,Good
South Yarra - West,Poor
Southbank,Good
West Melbourne,Poor
Albert Park,Acceptable
Elwood,Good
Port Melbourne,Good
Port Melbourne Industrial,Poor
South Melbourne,Good
St Kilda,Acceptable
St Kilda East,Poor
Armadale,Good
Prahran - Windsor,Good
South Yarra - East,Acceptable
Toorak,Good
Abbotsford,Good
Carlton North - Princes Hill,Good
Collingwood,Good
Fitzroy,Good
Fitzroy North,Poor
Richmond (Vic.),Good
Yarra - North,Poor
Ashburton (Vic.),Poor
Balwyn,Good
Balwyn North,Good
Camberwell,Good
Glen Iris - East,Poor
Hawthorn,Good
Hawthorn East,Good
Kew,Good
Kew East,Good
Surrey Hills (West) - Canterbury,Poor
Bulleen,Good
Doncaster,Good
Doncaster East,Good
Templestowe,Good
Templestowe Lower,Good
Blackburn,Poor
Blackburn South,Poor
Box Hill,Good
Box Hill North,Good
Burwood,Acceptable
Burwood East,Good
Surrey Hills (East) - Mont Albert,Poor
Beaumaris,Poor
Brighton (Vic.),Good
Brighton East,Good
Cheltenham - Highett (West),Poor
Hampton,Good
Sandringham - Black Rock,Poor
Bentleigh - McKinnon,Poor
Bentleigh East,Good
Carnegie,Poor
Caulfield - North,Acceptable
Caulfield - South,Good
Elsternwick,Acceptable
Hughesdale,Poor
Murrumbeena,Poor
Ormond - Glen Huntly,Poor
Aspendale Gardens - Waterways,Poor
Braeside,Poor
Carrum - Patterson Lakes,Good
Chelsea - Bonbeach,Poor
Chelsea Heights,Poor
Cheltenham - Highett (East),Acceptable
Edithvale - Aspendale,Poor
Mentone,Good
Moorabbin - Heatherton,Good
Moorabbin Airport,Poor
Mordialloc - Parkdale,Poor
Malvern - Glen Iris,Poor
Malvern East,Good
Bundoora - East,Poor
Greensborough,Poor
Heidelberg - Rosanna,Poor
Heidelberg West,Good
Ivanhoe,Poor
Ivanhoe East - Eaglemont,Poor
Montmorency - Briar Hill,Acceptable
Viewbank - Yallambie,Poor
Watsonia,Good
Kingsbury,Poor
Preston,Good
Reservoir - East,Poor
Reservoir - West,Poor
Eltham,Acceptable
Hurstbridge,Poor
Kinglake,Poor
Panton Hill - St Andrews,Poor
Plenty - Yarrambat,Poor
Research - North Warrandyte,Poor
Wattle Glen - Diamond Creek,Good
Bundoora - North,Poor
Bundoora - West,Poor
Epping,Good
Lalor,Good
Mill Park - North,Poor
Mill Park - South,Poor
South Morang,Good
Thomastown,Good
Wallan,Good
Whittlesea,Acceptable
Airport West,Poor
Essendon Airport,Poor
Keilor,Poor
Keilor East,Good
Niddrie - Essendon West,Poor
Strathmore,Acceptable
Gisborne,Good
Macedon,Good
Riddells Creek,Good
Romsey,Acceptable
Coburg North,Poor
Fawkner,Good
Glenroy - Hadfield,Poor
Pascoe Vale,Poor
Sunbury,Poor
Sunbury - South,Poor
Broadmeadows,Poor
Campbellfield - Coolaroo,Poor
Craigieburn - Mickleham,Poor
Gladstone Park - Westmeadows,Poor
Greenvale - Bulla,Good
Meadow Heights,Acceptable
Melbourne Airport,Poor
Roxburgh Park - Somerton,Poor
Tullamarine,Poor
Bayswater,Poor
Boronia - The Basin,Good
Ferntree Gully,Acceptable
Knoxfield - Scoresby,Good
Lysterfield,Poor
Rowville - Central,Poor
Rowville - North,Poor
Rowville - South,Poor
Wantirna,Poor
Wantirna South,Poor
Donvale - Park Orchards,Good
Warrandyte - Wonga Park,Poor
Bayswater North,Poor
Croydon,Poor
Croydon Hills - Warranwood,Poor
Ringwood,Poor
Ringwood East,Good
Ringwood North,Poor
Forest Hill,Poor
Mitcham (Vic.),Good
Nunawading,Poor
Vermont,Poor
Vermont South,Poor
Belgrave - Selby,Acceptable
Chirnside Park,Good
Healesville - Yarra Glen,Good
Kilsyth,Poor
Lilydale - Coldstream,Good
Monbulk - Silvan,Acceptable
Montrose,Good
Mooroolbark,Good
Mount Dandenong - Olinda,Good
Mount Evelyn,Good
Upwey - Tecoma,Poor
Wandin - Seville,Poor
Yarra Valley,Acceptable
Beaconsfield - Officer,Good
Bunyip - Garfield,Good
Emerald - Cockatoo,Acceptable
Koo Wee Rup,Poor
Pakenham - North,Poor
Pakenham - South,Poor
Berwick - North,Poor
Berwick - South,Poor
Doveton,Good
Endeavour Hills,Good
Hallam,Good
Narre Warren,Poor
Narre Warren North,Acceptable
Cranbourne,Poor
Cranbourne East,Poor
Cranbourne North,Poor
Cranbourne South,Poor
Cranbourne West,Poor
Hampton Park - Lynbrook,Good
Lynbrook - Lyndhurst,Good
Narre Warren South,Poor
Pearcedale - Tooradin,Poor
Clarinda - Oakleigh South,Poor
Clayton South,Poor
Dandenong,Poor
Dandenong North,Poor
Dingley Village,Poor
Keysborough,Good
Noble Park,Acceptable
Noble Park North,Poor
Springvale,Good
Springvale South,Poor
Ashwood - Chadstone,Poor
Clayton,Good
Glen Waverley - East,Poor
Glen Waverley - West,Poor
Mount Waverley - North,Poor
Mount Waverley - South,Poor
Mulgrave,Good
Oakleigh - Huntingdale,Poor
Wheelers Hill,Poor
Ardeer - Albion,Poor
Cairnlea,Poor
Deer Park - Derrimut,Poor
Delahey,Poor
Keilor Downs,Poor
Kings Park (Vic.),Poor
St Albans - North,Poor
St Albans - South,Poor
Sunshine,Poor
Sunshine North,Poor
Sunshine West,Poor
Sydenham,Poor
Taylors Lakes,Poor
Altona,Good
Altona Meadows,Poor
Altona North,Acceptable
Newport,Good
Seabrook,Poor
Williamstown,Good
Braybrook,Poor
Footscray,Poor
Maribyrnong,Poor
Seddon - Kingsville,Poor
West Footscray - Tottenham,Poor
Yarraville,Good
Bacchus Marsh,Good
Caroline Springs,Poor
Hillside,Poor
Melton,Poor
Melton South,Good
Melton West,Poor
Rockbank - Mount Cottrell,Poor
Taylors Hill,Poor
Hoppers Crossing - North,Poor
Hoppers Crossing - South,Poor
Laverton,Poor
Point Cook,Poor
Tarneit,Poor
Truganina,Poor
Werribee,Poor
Werribee - South,Poor
Wyndham Vale,Good
Carrum Downs,Good
Frankston,Poor
Frankston North,Poor
Frankston South,Poor
Langwarrin,Good
Seaford (Vic.),Good
Skye - Sandhurst,Poor
Dromana,Good
Flinders,Poor
Hastings - Somers,Good
Mornington,Good
Mount Eliza,Good
Mount Martha,Good
Point Nepean,Good
Rosebud - McCrae,Good
Somerville,Acceptable
Ararat,Acceptable
Ararat Region,Poor
Horsham,Good
Horsham Region,Poor
Nhill Region,Good
St Arnaud,Acceptable
Stawell,Good
West Wimmera,Acceptable
Yarriambiack,Good
Irymple,Good
Merbein,Good
Mildura,Good
Mildura Region,Acceptable
Red Cliffs,Good
Buloke,Good
Gannawarra,Acceptable
Kerang,Poor
Robinvale,Good
Swan Hill,Good
Swan Hill Region,Good
Echuca,Good
Kyabram,Good
Lockington - Gunbower,Poor
Rochester,Acceptable
Rushworth,Acceptable
Cobram,Poor
Moira,Poor
Numurkah,Good
Yarrawonga,Acceptable
Mooroopna,Acceptable
Shepparton - North,Poor
Shepparton - South,Poor
Shepparton Region - East,Poor
Shepparton Region - West,Acceptable
Glenelg (Vic.),Poor
Hamilton (Vic.),Good
Portland,Acceptable
Southern Grampians,Good
Camperdown,Poor
Colac,Good
Colac Region,Acceptable
Corangamite - North,Acceptable
Corangamite - South,Acceptable
Moyne - East,Poor
Moyne - West,Good
Otway,Acceptable
Warrnambool - North,Poor
Warrnambool - South,Poor
Alexandra Hills,Good
Belmont - Gumdale,Poor
Birkdale,Good
Capalaba,Acceptable
Thorneside,Good
Wellington Point,Poor
Cleveland,Good
Ormiston,Poor
Redland Bay,Poor
Redland Islands,Good
Sheldon - Mount Cotton,Poor
Thornlands,Good
Victoria Point,Poor
Brisbane Port - Lytton,Poor
Manly - Lota,Poor
Manly West,Poor
Murarrie,Good
Tingalpa,Good
Wakerley,Acceptable
Wynnum,Poor
Wynnum West - Hemmant,Poor
Bald Hills,Good
Bridgeman Downs,Poor
Carseldine,Poor
Everton Park,Poor
McDowall,Poor
Aspley,Poor
Chermside,Poor
Chermside West,Poor
Geebung,Poor
Kedron - Gordon Park,Good
Stafford,Poor
Stafford Heights,Poor
Wavell Heights,Poor
Boondall,Poor
Brisbane Airport,Poor
Eagle Farm - Pinkenba,Acceptable
Northgate - Virginia,Poor
Nudgee - Banyo,Acceptable
Nundah,Poor
Bracken Ridge,Poor
Brighton (Qld),Poor
Deagon,Poor
Sandgate - Shorncliffe,Poor
Taigum - Fitzgibbon,Good
Zillmere,Poor
Camp Hill,Poor
Cannon Hill,Poor
Carina,Poor
Carina Heights,Poor
Carindale,Poor
Annerley,Acceptable
Coorparoo,Good
Fairfield - Dutton Park,Poor
Greenslopes,Good
Holland Park,Poor
Holland Park West,Poor
Woolloongabba,Poor
Yeronga,Acceptable
Eight Mile Plains,Poor
Macgregor (Qld),Poor
Mansfield (Qld),Poor
Mount Gravatt,Poor
Rochedale - Burbank,Poor
Upper Mount Gravatt,Poor
Wishart,Poor
Coopers Plains,Acceptable
Moorooka,Acceptable
Robertson,Poor
Salisbury - Nathan,Good
Tarragindi,Poor
Algester,Poor
Calamvale - Stretton,Acceptable
Pallara - Willawong,Poor
Parkinson - Drewvale,Poor
Rocklea - Acacia Ridge,Poor
Kuraby,Good
Runcorn,Poor
Sunnybank,Poor
Sunnybank Hills,Poor
Jindalee - Mount Ommaney,Poor
Middle Park - Jamboree Heights,Poor
Riverhills,Poor
Seventeen Mile Rocks - Sinnamon Park,Good
Westlake,Poor
Bellbowrie - Moggill,Acceptable
Brookfield - Kenmore Hills,Poor
Chapel Hill,Poor
Fig Tree Pocket,Poor
Kenmore,Poor
Pinjarra Hills - Pullenvale,Poor
Chelmer - Graceville,Poor
Corinda,Poor
Indooroopilly,Poor
Sherwood,Poor
St Lucia,Good
Taringa,Poor
Enoggera,Poor
Enoggera Reservoir,Poor
Keperra,Poor
Mitchelton,Poor
Mount Coot-tha,Poor
The Gap,Good
Upper Kedron - Ferny Grove,Poor
Brisbane City,Poor
Fortitude Valley,Poor
Highgate Hill,Poor
Kangaroo Point,Poor
New Farm,Good
South Brisbane,Poor
Spring Hill,Poor
West End,Poor
Balmoral,Poor
Bulimba,Poor
East Brisbane,Poor
Hawthorne,Poor
Morningside - Seven Hills,Poor
Norman Park,Poor
Albion,Poor
Alderley,Poor
Ascot,Poor
Clayfield,Poor
Grange,Poor
Hamilton (Qld),Poor
Hendra,Poor
Kelvin Grove - Herston,Poor
Newmarket,Poor
Newstead - Bowen Hills,Poor
Wilston,Poor
Windsor,Poor
Wooloowin - Lutwyche,Poor
Ashgrove,Good
Auchenflower,Poor
Bardon,Good
Paddington - Milton,Good
Red Hill (Qld),Poor
Toowong,Poor
Brinsmead,Poor
Clifton Beach - Kewarra Beach,Poor
Freshwater - Stratford,Poor
Redlynch,Poor
Trinity Beach - Smithfield,Poor
Yorkeys Knob - Machans Beach,Poor
Bentley Park,Poor
Cairns City,Poor
Earlville - Bayview Heights,Poor
Edmonton,Poor
Gordonvale - Trinity,Good
Kanimbla - Mooroobool,Poor
Lamb Range,Poor
Manoora,Poor
Manunda,Poor
Mount Sheridan,Poor
Westcourt - Bungalow,Poor
White Rock,Poor
Whitfield - Edge Hill,Poor
Woree,Poor
Babinda,Poor
Innisfail,Acceptable
Johnstone,Poor
Tully,Good
Wooroonooran,Poor
Yarrabah,Poor
Daintree,Good
Port Douglas,Good
Atherton,Acceptable
Herberton,Acceptable
Kuranda,Good
Malanda - Yungaburra,Acceptable
Mareeba,Acceptable
Balonne,Good
Chinchilla,Good
Goondiwindi,Good
Inglewood - Waggamba,Acceptable
Miles - Wandoan,Good
Roma,Acceptable
Roma Region,Poor
Tara,Acceptable
Crows Nest - Rosalie,Poor
Jondaryan,Acceptable
Millmerran,Acceptable
Pittsworth,Acceptable
Wambo,Good
Clifton - Greenmount,Acceptable
Southern Downs - East,Poor
Southern Downs - West,Poor
Stanthorpe,Poor
Stanthorpe Region,Poor
Warwick,Acceptable
Central Highlands - East,Acceptable
Central Highlands - West,Poor
Emerald,Good
Agnes Water - Miriam Vale,Good
Banana,Poor
Biloela,Acceptable
Boyne Island - Tannum Sands,Poor
Callemondah,Poor
Clinton - New Auckland,Poor
Gladstone,Poor
Gladstone Hinterland,Poor
Kin Kora - Sun Valley,Poor
South Trees,Poor
Telina - Toolooa,Poor
West Gladstone,Poor
Berserker,Poor
Bouldercombe,Poor
Emu Park,Acceptable
Frenchville - Mount Archer,Poor
Glenlee - Rockyview,Poor
Gracemere,Poor
Lakes Creek,Poor
Mount Morgan,Good
Norman Gardens,Poor
Park Avenue,Poor
Parkhurst - Kawana,Poor
Rockhampton - West,Poor
Rockhampton City,Poor
Rockhampton Region - East,Poor
Rockhampton Region - North,Poor
Rockhampton Region - West,Poor
Shoalwater Bay,Poor
The Range - Allenstown,Poor
Yeppoon,Acceptable
Broadbeach Waters,Poor
Burleigh Heads,Poor
Burleigh Waters,Poor
Mermaid Beach - Broadbeach,Poor
Mermaid Waters,Poor
Miami,Poor
Coolangatta,Acceptable
Currumbin - Tugun,Poor
Currumbin Waters,Poor
Elanora,Poor
Palm Beach,Poor
Arundel,Poor
Biggera Waters,Poor
Coombabah,Poor
Labrador,Poor
Paradise Point - Hollywell,Poor
Runaway Bay,Poor
Guanaba - Springbrook,Poor
Tamborine - Canungra,Acceptable
Currumbin Valley - Tallebudgera,Acceptable
Mudgeeraba - Bonogin,Poor
Reedy Creek - Andrews,Poor
Carrara,Poor
Highland Park,Poor
Nerang - Mount Nathan,Poor
Pacific Pines - Gaven,Poor
Worongary - Tallai,Poor
Coomera,Poor
Helensvale,Poor
Hope Island,Poor
Jacobs Well - Alberton,Poor
Ormeau - Yatala,Acceptable
Oxenford - Maudsland,Acceptable
Pimpama,Poor
Upper Coomera - Willow Vale,Poor
Clear Island Waters,Poor
Merrimac,Poor
Robina,Poor
Varsity Lakes,Poor
Ashmore,Poor
Molendinar,Poor
Parkwood,Poor
Southport,Poor
Benowa,Poor
Bundall,Poor
Main Beach,Poor
Surfers Paradise,Poor
Darra - Sumner,Poor
Durack,Poor
Forest Lake - Doolandella,Acceptable
Inala - Richlands,Poor
Oxley (Qld),Poor
Wacol,Poor
Boonah,Acceptable
Esk,Good
Lake Manchester - England Creek,Poor
Lockyer Valley - East,Acceptable
Lowood,Poor
Rosewood,Poor
Brassall,Poor
Bundamba,Poor
Churchill - Yamanto,Poor
Ipswich - Central,Poor
Ipswich - East,Poor
Ipswich - North,Poor
Karalee - Barellan Point,Poor
Karana Downs,Poor
Leichhardt - One Mile,Poor
North Ipswich - Tivoli,Poor
Raceview,Poor
Ripley,Poor
Riverview,Acceptable
Bellbird Park - Brookwater,Poor
Camira - Gailes,Poor
Carole Park,Poor
Collingwood Park - Redbank,Poor
Goodna,Poor
New Chum,Poor
Redbank Plains,Poor
Springfield,Poor
Springfield Lakes,Poor
Beaudesert,Poor
Beenleigh,Poor
Eagleby,Poor
Edens Landing - Holmview,Poor
Mount Warren Park,Poor
Wolffdene - Bahrs Scrub,Poor
Boronia Heights - Park Ridge,Poor
Browns Plains,Poor
Chambers Flat - Logan Reserve,Poor
Crestmead,Poor
Greenbank Military Camp,Poor
Hillcrest,Poor
Marsden,Poor
Munruben - Park Ridge South,Poor
Regents Park - Heritage Park,Poor
Greenbank,Poor
Jimboomba,Poor
Logan Village,Poor
Bethania - Waterford,Poor
Cornubia - Carbrook,Good
Loganholme - Tanah Merah,Poor
Loganlea,Good
Shailer Park,Poor
Waterford West,Poor
Daisy Hill,Poor
Kingston,Poor
Logan Central,Poor
Rochedale South - Priestdale,Good
Slacks Creek,Poor
Springwood,Poor
Underwood,Good
Woodridge,Poor
Bowen,Acceptable
Broadsound - Nebo,Acceptable
Clermont,Good
Collinsville,Poor
Moranbah,Good
Andergrove - Beaconsfield,Poor
East Mackay,Poor
Eimeo - Rural View,Poor
Eungella Hinterland,Poor
Mackay,Poor
Mackay Harbour,Poor
Mount Pleasant - Glenella,Poor
North Mackay,Poor
Ooralea - Bakers Creek,Poor
Pioneer Valley,Acceptable
Sarina,Poor
Seaforth - Calen,Poor
Shoal Point - Bucasia,Good
Slade Point,Poor
South Mackay,Poor
Walkerston - Eton,Poor
West Mackay,Poor
Airlie - Whitsundays,Good
Cape Conway,Poor
Proserpine,Good
Beachmere - Sandstone Point,Poor
Bribie Island,Good
Burpengary - East,Poor
Caboolture,Poor
Caboolture - South,Poor
Elimbah,Good
Morayfield - East,Poor
Wamuran,Poor
Kilcoy,Acceptable
Woodford - D'Aguilar,Acceptable
Burpengary,Poor
Deception Bay,Good
Morayfield,Poor
Narangba,Good
Upper Caboolture,Poor
Clontarf,Poor
Margate - Woody Point,Poor
Redcliffe,Poor
Rothwell - Kippa-Ring,Good
Scarborough - Newport,Poor
Albany Creek,Poor
Cashmere,Poor
Dayboro,Poor
Eatons Hill,Good
Hills District,Poor
Samford Valley,Acceptable
Dakabin - Kallangur,Poor
Murrumba Downs - Griffin,Poor
North Lakes - Mango Hill,Good
Bray Park,Poor
Lawnton,Good
Petrie,Good
Strathpine - Brendale,Poor
Aurukun,Poor
Cape York,Poor
Croydon - Etheridge,Poor
Kowanyama - Pormpuraaw,Poor
Northern Peninsula,Good
Tablelands,Poor
Torres,Poor
Torres Strait Islands,Poor
Weipa,Poor
Carpentaria,Poor
Mount Isa,Good
Mount Isa Region,Acceptable
Northern Highlands,Acceptable
Barcaldine - Blackall,Good
Charleville,Good
Far Central West,Acceptable
Far South West,Good
Longreach,Good
Buderim - North,Poor
Buderim - South,Poor
Mountain Creek,Poor
Sippy Downs,Poor
Aroona - Currimundi,Poor
Buddina - Minyama,Poor
Caloundra - Kings Beach,Poor
Caloundra - West,Poor
Golden Beach - Pelican Waters,Poor
Moffat Beach - Battery Hill,Poor
Parrearra - Warana,Poor
Wurtulla - Birtinya,Poor
Coolum Beach,Poor
Marcoola - Mudjimba,Good
Maroochydore - Kuluin,Good
Mooloolaba - Alexandra Headland,Poor
Bli Bli,Poor
Diddillibah - Rosemount,Poor
Eumundi - Yandina,Poor
Nambour,Poor
Noosa Hinterland,Poor
Noosa Heads,Poor
Noosaville,Good
Peregian,Poor
Sunshine Beach,Poor
Tewantin,Poor
Beerwah,Good
Caloundra Hinterland,Good
Glass House Mountains,Good
Landsborough,Good
Maroochy Hinterland,Poor
Palmwoods,Acceptable
Cambooya - Wyreema,Poor
Darling Heights,Poor
Drayton - Harristown,Poor
Gatton,Poor
Gowrie (Qld),Poor
Highfields,Poor
Lockyer Valley - West,Poor
Middle Ridge,Poor
Newtown (Qld),Poor
North Toowoomba - Harlaxton,Poor
Rangeville,Poor
Toowoomba - Central,Poor
Toowoomba - East,Poor
Toowoomba - West,Poor
Wilsonton,Poor
Ayr,Acceptable
Burdekin,Acceptable
Charters Towers,Acceptable
Dalrymple,Poor
Ingham,Poor
Ingham Region,Poor
Palm Island,Poor
Aitkenvale,Poor
Annandale,Poor
Belgian Gardens - Pallarenda,Poor
Bohle Plains,Poor
Condon - Rasmussen,Poor
Cranbrook,Poor
Deeragun,Acceptable
Douglas,Poor
Garbutt - West End,Poor
Gulliver - Currajong - Vincent,Poor
Heatley,Poor
Hermit Park - Rosslea,Poor
Hyde Park - Pimlico,Poor
Kelso,Poor
Kirwan - East,Poor
Kirwan - West,Poor
Magnetic Island,Good
Mount Louisa,Poor
Mundingburra,Poor
Northern Beaches,Poor
Oonoonba,Poor
South Townsville - Railway Estate,Poor
Townsville - South,Poor
Townsville City - North Ward,Poor
Wulguru - Roseneath,Poor
Ashfield - Kepnock,Poor
Bargara - Burnett Heads,Poor
Branyan - Kensington,Poor
Bundaberg,Poor
Bundaberg East - Kalkie,Poor
Bundaberg North - Gooburrum,Poor
Bundaberg Region - North,Poor
Bundaberg Region - South,Poor
Millbank - Avoca,Poor
Svensson Heights - Norville,Poor
Walkervale - Avenell Heights,Poor
Gayndah - Mundubbera,Good
Gin Gin,Acceptable
Kingaroy,Poor
Kingaroy Region - North,Good
Kingaroy Region - South,Poor
Monto - Eidsvold,Acceptable
Nanango,Poor
North Burnett,Poor
Cooloola,Good
Gympie - North,Poor
Gympie - South,Poor
Gympie Region,Poor
Kilkivan,Poor
Booral - River Heads,Poor
Craignish - Dundowran Beach,Poor
Pialba - Eli Waters,Poor
Point Vernon,Poor
Torquay - Scarness - Kawungan,Poor
Urangan - Wondunna,Poor
Burrum - Fraser,Poor
Granville,Poor
Maryborough (Qld),Poor
Maryborough Region - South,Poor
Tinana,Poor
Adelaide,Good
North Adelaide,Good
Adelaide Hills,Acceptable
Aldgate - Stirling,Acceptable
Hahndorf - Echunga,Poor
Lobethal - Woodside,Acceptable
Mount Barker,Good
Mount Barker Region,Poor
Nairne,Acceptable
Uraidla - Summertown,Acceptable
Burnside - Wattle Park,Poor
Glenside - Beaumont,Poor
Toorak Gardens,Poor
Athelstone,Good
Paradise - Newton,Acceptable
Rostrevor - Magill,Acceptable
Norwood (SA),Poor
Payneham - Felixstow,Poor
St Peters - Marden,Acceptable
Nailsworth - Broadview,Poor
Prospect,Good
Walkerville,Acceptable
Goodwood - Millswood,Acceptable
Unley - Parkside,Poor
Gawler - North,Poor
Gawler - South,Poor
Lewiston - Two Wells,Acceptable
Craigmore - Blakeview,Poor
Davoren Park,Poor
Elizabeth,Poor
Elizabeth East,Poor
Munno Para West - Angle Vale,Acceptable
One Tree Hill,Poor
Smithfield - Elizabeth North,Poor
Virginia - Waterloo Corner,Poor
Enfield - Blair Athol,Poor
Northgate - Oakden - Gilles Plains,Poor
Windsor Gardens,Acceptable
Dry Creek - North,Poor
Ingle Farm,Acceptable
Para Hills,Good
Parafield,Poor
Parafield Gardens,Good
Paralowie,Poor
Pooraka,Good
Salisbury,Poor
Salisbury East,Acceptable
Salisbury North,Poor
Golden Grove,Poor
Greenwith,Poor
Highbury - Dernancourt,Acceptable
Hope Valley - Modbury,Acceptable
Modbury Heights,Acceptable
Redwood Park,Poor
St Agnes - Ridgehaven,Poor
Brighton (SA),Poor
Glenelg (SA),Acceptable
Edwardstown,Poor
Hallett Cove,Poor
Marino - Seaview Downs,Poor
Mitchell Park,Poor
Morphettville,Poor
Sheidow Park - Trott Park,Poor
Warradale,Poor
Belair,Poor
Bellevue Heights,Acceptable
Blackwood,Poor
Colonel Light Gardens,Poor
Mitcham (SA),Good
Panorama,Poor
Aberfoyle Park,Poor
Aldinga,Good
Christie Downs,Acceptable
Christies Beach,Acceptable
Clarendon,Acceptable
Coromandel Valley,Poor
Flagstaff Hill,Poor
Hackham - Onkaparinga Hills,Poor
Hackham West - Huntfield Heights,Poor
Happy Valley,Poor
Happy Valley Reservoir,Poor
Lonsdale,Good
McLaren Vale,Good
Morphett Vale - East,Poor
Morphett Vale - West,Poor
Reynella,Good
Seaford (SA),Acceptable
Willunga,Poor
Woodcroft,Poor
Beverley,Poor
Flinders Park,Poor
Henley Beach,Poor
Hindmarsh - Brompton,Poor
Royal Park - Hendon - Albert Park,Poor
Seaton - Grange,Poor
West Lakes,Acceptable
Woodville - Cheltenham,Poor
Dry Creek - South,Poor
Largs Bay - Semaphore,Poor
North Haven,Acceptable
Port Adelaide,Poor
The Parks,Poor
Adelaide Airport,Good
Fulham,Poor
Lockleys,Good
Plympton,Poor
Richmond (SA),Good
West Beach,Poor
Barossa - Angaston,Poor
Light,Acceptable
Lyndoch,Good
Mallala,Poor
Nuriootpa,Acceptable
Tanunda,Acceptable
Clare,Acceptable
Gilbert Valley,Acceptable
Goyder,Good
Wakefield - Barunga West,Good
Jamestown,Good
Peterborough - Mount Remarkable,Good
Port Pirie,Good
Port Pirie Region,Poor
Kadina,Good
Moonta,Good
Wallaroo,Good
Yorke Peninsula - North,Acceptable
Yorke Peninsula - South,Acceptable
Ceduna,Poor
Eyre Peninsula,Acceptable
Kimba - Cleve - Franklin Harbour,Good
Le Hunte - Elliston,Acceptable
Port Lincoln,Good
West Coast (SA),Acceptable
Western,Poor
Whyalla,Good
Whyalla - North,Poor
APY Lands,Poor
Coober Pedy,Good
Flinders Ranges,Acceptable
Outback,Acceptable
Port Augusta,Good
Roxby Downs,Good
Goolwa - Port Elliot,Good
Kangaroo Island,Good
Strathalbyn,Poor
Strathalbyn Region,Poor
Victor Harbor,Good
Yankalilla,Acceptable
Grant,Poor
Kingston - Robe,Good
Millicent,Poor
Mount Gambier,Good
Naracoorte,Acceptable
Naracoorte Region,Poor
Penola,Acceptable
Tatiara,Good
Wattle Range,Poor
Barmera,Good
Berri,Acceptable
Karoonda - Lameroo,Good
Loxton,Good
Loxton Region,Poor
Mannum,Acceptable
Murray Bridge,Good
Murray Bridge Region,Poor
Renmark,Poor
Renmark Region,Poor
The Coorong,Good
Waikerie,Good
Augusta,Acceptable
Busselton,Good
Busselton Region,Acceptable
Margaret River,Good
Australind - Leschenault,Good
Bunbury,Poor
Capel,Acceptable
College Grove - Carey Park,Poor
Collie,Good
Dardanup,Good
Davenport,Poor
Eaton - Pelican Point,Good
Gelorup - Dalyellup - Stratham,Poor
Harvey,Acceptable
Koombana,Poor
Waroona,Good
Bridgetown - Boyup Brook,Good
Donnybrook - Balingup,Good
Manjimup,Acceptable
Pemberton,Acceptable
Dawesville - Bouvard,Good
Falcon - Wannanup,Poor
Greenfields,Poor
Halls Head - Erskine,Poor
Mandurah,Poor
Mandurah - East,Poor
Mandurah - North,Poor
Mandurah - South,Poor
Pinjarra,Poor
City Beach,Good
Claremont (WA),Poor
Cottesloe,Acceptable
Floreat,Poor
Mosman Park - Peppermint Grove,Acceptable
Nedlands - Dalkeith - Crawley,Good
Swanbourne - Mount Claremont,Poor
Kings Park (WA),Poor
Mount Hawthorn - Leederville,Poor
Mount Lawley - Inglewood,Poor
North Perth,Good
Perth City,Good
Subiaco - Shenton Park,Good
Wembley - West Leederville - Glendalough,Poor
Bassendean - Eden Hill - Ashfield,Poor
Bayswater - Embleton - Bedford,Acceptable
Maylands,Good
Morley,Poor
Noranda,Poor
Chidlow,Good
Glen Forrest - Darlington,Good
Helena Valley - Koongamia,Poor
Malmalling - Reservoir,Poor
Mundaring,Good
Swan View - Greenmount - Midvale,Poor
Avon Valley National Park,Poor
Ballajura,Good
Beechboro,Good
Bullsbrook,Poor
Ellenbrook,Poor
Gidgegannup,Acceptable
Hazelmere - South Guildford,Poor
Lockridge - Kiara,Poor
Malaga,Good
Melaleuca - Lexia,Poor
Middle Swan - Herne Hill,Poor
Midland - Guildford,Poor
Stratton - Jane Brook,Poor
The Vines,Poor
Walyunga National Park,Poor
Craigie - Beldon,Poor
Currambine - Kinross,Poor
Duncraig,Good
Greenwood - Warwick,Good
Heathridge - Connolly,Poor
Hillarys,Poor
Iluka - Burns Beach,Poor
Joondalup - Edgewater,Poor
Kingsley,Poor
Mullaloo - Kallaroo,Poor
Ocean Reef,Poor
Padbury,Poor
Sorrento - Marmion,Poor
Woodvale,Poor
Balcatta - Hamersley,Poor
Balga - Mirrabooka,Poor
Dianella,Good
Herdsman,Poor
Innaloo - Doubleview,Poor
Karrinyup - Gwelup - Carine,Poor
Nollamara - Westminster,Poor
Osborne Park Industrial,Poor
Scarborough,Poor
Stirling - Osborne Park,Poor
Trigg - North Beach - Watermans Bay,Poor
Tuart Hill - Joondanna,Poor
Wembley Downs - Churchlands - Woodlands,Poor
Yokine - Coolbinia - Menora,Poor
Alexander Heights - Koondoola,Poor
Butler - Merriwa - Ridgewood,Poor
Carramar,Good
Clarkson,Poor
Girrawheen,Poor
Madeley - Darch - Landsdale,Poor
Marangaroo,Poor
Mindarie - Quinns Rocks - Jindalee,Poor
Neerabup National Park,Poor
Tapping - Ashby - Sinagra,Poor
Wanneroo,Poor
Yanchep,Good
Armadale - Wungong - Brookdale,Poor
Ashendon - Lesley,Poor
Camillo - Champion Lakes,Poor
Forrestdale - Harrisdale - Piara Waters,Poor
Kelmscott,Poor
Mount Nasura - Mount Richon - Bedfordale,Poor
Roleystone,Poor
Seville Grove,Poor
Belmont - Ascot - Redcliffe,Good
East Victoria Park - Carlisle,Good
Kewdale Commercial,Poor
Perth Airport,Poor
Rivervale - Kewdale - Cloverdale,Good
Victoria Park - Lathlain - Burswood,Good
Bentley - Wilson - St James,Acceptable
Canning Vale - West,Poor
Canning Vale Commercial,Poor
Cannington - Queens Park,Poor
Parkwood - Ferndale - Lynwood,Poor
Riverton - Shelley - Rossmoyne,Acceptable
Welshpool,Good
Willetton,Poor
Beckenham - Kenwick - Langford,Poor
Canning Vale - East,Poor
Gosnells,Poor
Huntingdale - Southern River,Poor
Maddington - Orange Grove - Martin,Good
Thornlie,Good
Forrestfield - Wattle Grove,Acceptable
High Wycombe,Poor
Kalamunda - Maida Vale - Gooseberry Hill,Poor
Lesmurdie - Bickley - Carmel,Poor
Byford,Acceptable
Mundijong,Poor
Serpentine - Jarrahdale,Acceptable
Como,Poor
Manning - Waterford,Poor
South Perth - Kensington,Good
Banjup,Poor
Beeliar,Poor
Bibra Industrial,Poor
Bibra Lake,Poor
Coogee,Good
Coolbellup,Poor
Hamilton Hill,Poor
Henderson,Poor
Jandakot,Poor
Jandakot Airport,Poor
North Coogee,Poor
South Lake - Cockburn Central,Poor
Spearwood,Poor
Success - Hammond Park,Poor
Wattleup,Poor
Yangebup,Poor
East Fremantle,Good
Fremantle,Acceptable
Fremantle - South,Poor
O'Connor (WA),Poor
Anketell - Wandi,Poor
Bertram - Wellard (West),Poor
Calista,Poor
Casuarina - Wellard (East),Poor
Hope Valley - Postans,Acceptable
Kwinana Industrial,Poor
Parmelia - Orelia,Poor
Applecross - Ardross,Poor
Bateman,Poor
Bicton - Palmyra,Good
Booragoon,Poor
Bull Creek,Poor
Leeming,Poor
Melville,Poor
Murdoch - Kardinya,Poor
Willagee,Poor
Winthrop,Poor
Baldivis,Good
Cooloongup,Poor
Port Kennedy,Good
Rockingham,Poor
Rockingham Lakes,Poor
Safety Bay - Shoalwater,Poor
Singleton - Golden Bay - Secret Harbour,Good
Waikiki,Poor
Warnbro,Poor
Esperance,Good
Esperance Region,Poor
Carnarvon,Good
Exmouth,Acceptable
Boulder,Good
Kalgoorlie,Poor
Kalgoorlie - North,Poor
Kalgoorlie Airport,Poor
Kambalda - Coolgardie - Norseman,Good
Leinster - Leonora,Acceptable
Trafalgar (WA),Poor
Broome,Acceptable
Derby - West Kimberley,Good
Halls Creek,Good
Kununurra,Good
Roebuck,Poor
Geraldton,Poor
Geraldton - East,Poor
Geraldton - North,Poor
Geraldton - South,Poor
Irwin,Good
Meekatharra,Good
Morawa,Good
Northampton - Mullewa - Greenough,Acceptable
Ashburton (WA),Good
East Pilbara,Poor
Karratha,Good
Newman,Poor
Port Hedland,Good
Roebourne,Acceptable
South Hedland,Good
Albany,Poor
Albany Region,Poor
Bayonet Head - Lower King,Poor
Denmark,Good
Gnowangerup,Good
Katanning,Good
Kojonup,Good
Little Grove - Elleker,Poor
McKail - Willyung,Poor
Plantagenet,Good
Stirling Range National Park,Poor
Chittering,Poor
Cunderdin,Good
Dowerin,Good
Gingin - Dandaragan,Good
Merredin,Good
Moora,Good
Mukinbudin,Good
Northam,Good
Toodyay,Acceptable
York - Beverley,Good
Brookton,Good
Kulin,Good
Murray,Good
Narrogin,Good
Wagin,Good
Bridgewater - Gagebrook,Poor
Brighton - Pontville,Poor
Old Beach - Otago,Acceptable
Bellerive - Rosny,Poor
Cambridge,Good
Geilston Bay - Risdon,Poor
Howrah - Tranmere,Poor
Lindisfarne - Rose Bay,Poor
Mornington - Warrane,Poor
Risdon Vale,Good
Rokeby,Good
South Arm,Good
Austins Ferry - Granton,Poor
Berriedale - Chigwell,Poor
Claremont (Tas.),Poor
Derwent Park - Lutana,Poor
Glenorchy,Poor
Montrose - Rosetta,Poor
Moonah,Poor
New Norfolk,Poor
West Moonah,Poor
Kingston - Huntingfield,Acceptable
Kingston Beach - Blackmans Bay,Poor
Margate - Snug,Poor
Mount Wellington,Poor
Taroona - Bonnet Hill,Good
Hobart,Poor
Lenah Valley - Mount Stuart,Poor
Mount Nelson - Dynnyrne,Poor
New Town,Poor
Sandy Bay,Acceptable
South Hobart - Fern Tree,Poor
West Hobart,Poor
Dodges Ferry - Lewisham,Good
Sorell - Richmond,Good
Invermay,Poor
Kings Meadows - Punchbowl,Poor
Launceston,Poor
Legana,Poor
Mowbray,Poor
Newnham - Mayfield,Poor
Newstead,Poor
Norwood (Tas.),Poor
Prospect Vale - Blackstone,Poor
Ravenswood,Poor
Riverside,Poor
South Launceston,Poor
Summerhill - Prospect,Poor
Trevallyn,Poor
Waverley - St Leonards,Poor
West Launceston,Poor
Youngtown - Relbia,Poor
Beauty Point - Beaconsfield,Acceptable
Deloraine,Good
Grindelwald - Lanena,Poor
Hadspen - Carrick,Acceptable
Westbury,Poor
Dilston - Lilydale,Poor
George Town,Acceptable
Longford,Good
Northern Midlands,Acceptable
Perth - Evandale,Acceptable
Scottsdale - Bridport,Good
St Helens - Scamander,Acceptable
Central Highlands,Poor
Derwent Valley,Poor
Southern Midlands,Poor
Wilderness - East,Poor
Bruny Island - Kettering,Acceptable
Cygnet,Acceptable
Geeveston - Dover,Acceptable
Huonville - Franklin,Acceptable
Forestier - Tasman,Good
Triabunna - Bicheno,Acceptable
Acton - Upper Burnie,Poor
Burnie - Ulverstone Region,Poor
Burnie - Wivenhoe,Poor
Parklands - Camdale,Poor
Penguin - Sulphur Creek,Acceptable
Romaine - Havenview,Poor
Somerset,Good
Ulverstone,Poor
West Ulverstone,Poor
Wynyard,Poor
Devonport,Poor
East Devonport,Poor
Latrobe,Poor
Miandetta - Don,Poor
Port Sorell,Poor
Quoiba - Spreyton,Poor
Sheffield - Railton,Acceptable
Turners Beach - Forth,Poor
King Island,Good
North West,Poor
Smithton,Poor
Waratah,Poor
West Coast (Tas.),Good
Wilderness - West,Poor
Darwin Airport,Poor
Darwin City,Good
East Point,Poor
Fannie Bay - The Gardens,Poor
Larrakeyah,Poor
Ludmilla - The Narrows,Poor
Parap,Poor
Stuart Park,Poor
Woolner - Bayview - Winnellie,Poor
Alawa,Poor
Anula,Poor
Berrimah,Poor
Brinkin - Nakara,Poor
Buffalo Creek,Poor
Charles Darwin,Poor
Coconut Grove,Poor
East Arm,Poor
Jingili,Poor
Karama,Poor
Leanyer,Poor
Lyons (NT),Poor
Malak - Marrara,Poor
Millner,Poor
Moil,Poor
Nightcliff,Poor
Rapid Creek,Poor
Tiwi,Poor
Wagaman,Poor
Wanguri,Poor
Wulagi,Poor
Howard Springs,Poor
Humpty Doo,Acceptable
Koolpinyah,Poor
Virginia,Poor
Weddell,Poor
Bakewell,Poor
Driver,Poor
Durack - Marlow Lagoon,Poor
Gray,Poor
Moulden,Poor
Palmerston - North,Poor
Palmerston - South,Poor
Rosebery - Bellamack,Poor
Woodroffe,Poor
Charles,Poor
East Side,Poor
Flynn (NT),Poor
Larapinta,Poor
Mount Johns,Poor
Petermann - Simpson,Poor
Ross,Poor
Sandover - Plenty,Poor
Tanami,Poor
Yuendumu - Anmatjere,Poor
Barkly,Poor
Tennant Creek,Good
Alligator,Poor
Daly,Poor
Thamarrurr,Poor
Tiwi Islands,Poor
West Arnhem,Poor
Anindilyakwa,Poor
East Arnhem,Poor
Nhulunbuy,Poor
Elsey,Poor
Gulf,Poor
Katherine,Good
Victoria River,Poor
Aranda,Poor
Belconnen,Poor
Bruce,Poor
Charnwood,Poor
Cook,Poor
Dunlop,Poor
Evatt,Poor
Florey,Poor
Flynn (ACT),Poor
Fraser,Poor
Giralang,Poor
Gooromon,Poor
Hawker,Poor
Higgins,Poor
Holt,Poor
Kaleen,Poor
Latham,Poor
Lawson,Poor
Macgregor (ACT),Poor
Macquarie,Poor
McKellar,Poor
Melba,Poor
Page,Poor
Scullin,Poor
Spence,Poor
Weetangera,Poor
ACT - South West,Poor
Molonglo,Poor
Namadgi,Poor
ACT - East,Poor
Hume,Poor
Kowen,Poor
Majura,Poor
Amaroo,Poor
Bonner,Poor
Casey,Poor
Crace,Good
Forde,Poor
Franklin,Poor
Gungahlin,Acceptable
Gungahlin - East,Poor
Gungahlin - West,Poor
Hall,Poor
Harrison,Poor
Mitchell,Poor
Ngunnawal,Poor
Nicholls,Poor
Palmerston,Poor
Acton,Poor
Ainslie,Poor
Braddon,Poor
Campbell,Poor
Civic,Poor
Dickson,Poor
Downer,Poor
Hackett,Poor
Lyneham,Poor
O'Connor (ACT),Poor
Reid,Poor
Turner,Poor
Watson,Poor
Deakin,Poor
Forrest,Poor
Griffith (ACT),Poor
Kingston - Barton,Poor
Lake Burley Griffin,Poor
Narrabundah,Poor
Parkes (ACT),Poor
Red Hill (ACT),Poor
Yarralumla,Poor
Banks,Poor
Bonython,Poor
Calwell,Poor
Chisholm,Poor
Conder,Poor
Fadden,Poor
Gilmore,Poor
Gordon (ACT),Poor
Gowrie (ACT),Poor
Greenway,Good
Isabella Plains,Poor
Kambah,Good
Macarthur,Poor
Monash,Poor
Mount Taylor,Poor
Oxley (ACT),Poor
Richardson,Poor
Theodore,Poor
Tuggeranong,Poor
Wanniassa,Acceptable
Chapman,Poor
Duffy,Poor
Fisher,Poor
Holder,Poor
Rivett,Poor
Stirling,Poor
Waramanga,Poor
Weston,Poor
Chifley,Poor
Curtin,Poor
Farrer,Poor
Garran,Poor
Hughes,Poor
Isaacs,Poor
Lyons (ACT),Poor
Mawson,Poor
O'Malley,Poor
Pearce,Poor
Phillip,Poor
Torrens,Poor
Christmas Island,Good
Cocos (Keeling) Islands,Good
Jervis Bay,Poor
Goulburn - Yass,Good
Queanbeyan,Good
Snowy Mountains,Good
South Coast,Good
Gosford,Good
Wyong,Good
Bathurst,Good
Lachlan Valley,Good
Lithgow - Mudgee,Good
Orange,Good
Clarence Valley,Good
Coffs Harbour,Good
Bourke - Cobar - Coonamble,Good
Broken Hill and Far West,Good
Dubbo,Good
Lower Hunter,Good
Maitland,Acceptable
Port Stephens,Good
Upper Hunter,Good
Dapto - Port Kembla,Good
Kiama - Shellharbour,Good
Wollongong,Good
Great Lakes,Good
Kempsey - Nambucca,Good
Port Macquarie,Good
Taree - Gloucester,Good
Albury,Good
Lower Murray,Good
Upper Murray exc. Albury,Good
Armidale,Good
Inverell - Tenterfield,Good
Moree - Narrabri,Good
Tamworth - Gunnedah,Good
Lake Macquarie - East,Acceptable
Lake Macquarie - West,Acceptable
Newcastle,Good
Richmond Valley - Coastal,Good
Richmond Valley - Hinterland,Good
Tweed Valley,Good
Griffith - Murrumbidgee (West),Good
Tumut - Tumbarumba,Good
Wagga Wagga,Good
Shoalhaven,Good
Southern Highlands,Good
Baulkham Hills,Acceptable
Dural - Wisemans Ferry,Acceptable
Hawkesbury,Poor
Rouse Hill - McGraths Hill,Poor
Blacktown,Good
Blacktown - North,Acceptable
Mount Druitt,Good
Botany,Poor
Marrickville - Sydenham - Petersham,Acceptable
Sydney Inner City,Good
Eastern Suburbs - North,Good
Eastern Suburbs - South,Good
Bankstown,Good
Canterbury,Good
Hurstville,Good
Kogarah - Rockdale,Good
Canada Bay,Good
Leichhardt,Good
Strathfield - Burwood - Ashfield,Good
Chatswood - Lane Cove,Good
Hornsby,Acceptable
Ku-ring-gai,Good
North Sydney - Mosman,Good
Manly,Acceptable
Pittwater,Good
Warringah,Good
Camden,Acceptable
Campbelltown (NSW),Good
Wollondilly,Acceptable
Blue Mountains,Good
Penrith,Good
Richmond - Windsor,Poor
St Marys,Good
Carlingford,Good
Merrylands - Guildford,Acceptable
Parramatta,Poor
Pennant Hills - Epping,Acceptable
Ryde - Hunters Hill,Good
Bringelly - Green Valley,Good
Fairfield,Good
Liverpool,Good
Cronulla - Miranda - Caringbah,Good
Sutherland - Menai - Heathcote,Good
Ballarat,Good
Creswick - Daylesford - Ballan,Acceptable
Maryborough - Pyrenees,Acceptable
Bendigo,Good
Heathcote - Castlemaine - Kyneton,Acceptable
Loddon - Elmore,Poor
Barwon - West,Acceptable
Geelong,Good
Surf Coast - Bellarine Peninsula,Good
Upper Goulburn Valley,Good
Wangaratta - Benalla,Good
Wodonga - Alpine,Good
Baw Baw,Good
Gippsland - East,Good
Gippsland - South West,Good
Latrobe Valley,Good
Wellington,Good
Brunswick - Coburg,Acceptable
Darebin - South,Good
Essendon,Acceptable
Melbourne City,Good
Port Phillip,Good
Stonnington - West,Good
Yarra,Good
Boroondara,Good
Manningham - West,Good
Whitehorse - West,Good
Bayside,Good
Glen Eira,Good
Kingston,Good
Stonnington - East,Acceptable
Banyule,Acceptable
Darebin - North,Good
Nillumbik - Kinglake,Acceptable
Whittlesea - Wallan,Good
Keilor,Good
Macedon Ranges,Good
Moreland - North,Acceptable
Sunbury,Good
Tullamarine - Broadmeadows,Good
Knox,Good
Manningham - East,Acceptable
Maroondah,Good
Whitehorse - East,Good
Yarra Ranges,Good
Cardinia,Good
Casey - North,Acceptable
Casey - South,Acceptable
Dandenong,Good
Monash,Good
Brimbank,Acceptable
Hobsons Bay,Good
Maribyrnong,Acceptable
Melton - Bacchus Marsh,Acceptable
Wyndham,Good
Frankston,Good
Mornington Peninsula,Good
Grampians,Good
Murray River - Swan Hill,Good
Campaspe,Good
Moira,Good
Shepparton,Good
Glenelg - Southern Grampians,Good
Warrnambool - Otway Ranges,Good
Capalaba,Good
Cleveland - Stradbroke,Good
Wynnum - Manly,Good
Bald Hills - Everton Park,Poor
Sandgate,Acceptable
Carindale,Good
Holland Park - Yeronga,Acceptable
Mt Gravatt,Acceptable
Nathan,Poor
Rocklea - Acacia Ridge,Good
Centenary,Good
Kenmore - Brookfield - Moggill,Good
Sherwood - Indooroopilly,Acceptable
The Gap - Enoggera,Poor
Brisbane Inner,Acceptable
Brisbane Inner - East,Acceptable
Brisbane Inner - North,Acceptable
Brisbane Inner - West,Good
Cairns - North,Poor
Cairns - South,Acceptable
Innisfail - Cassowary Coast,Acceptable
Port Douglas - Daintree,Good
Tablelands (East) - Kuranda,Good
Darling Downs (West) - Maranoa,Good
Darling Downs - East,Good
Granite Belt,Good
Central Highlands (Qld),Acceptable
Gladstone - Biloela,Good
Rockhampton,Good
Broadbeach - Burleigh,Good
Coolangatta,Good
Gold Coast - North,Poor
Gold Coast Hinterland,Poor
Mudgeeraba - Tallebudgera,Poor
Nerang,Acceptable
Ormeau - Oxenford,Good
Robina,Good
Surfers Paradise,Good
Forest Lake - Oxley,Acceptable
Ipswich Hinterland,Acceptable
Ipswich Inner,Good
Springfield - Redbank,Good
Beenleigh,Acceptable
Browns Plains,Acceptable
Loganlea - Carbrook,Good
Springwood - Kingston,Good
Bowen Basin - North,Good
Mackay,Good
Whitsunday,Good
Bribie - Beachmere,Acceptable
Caboolture,Acceptable
Caboolture Hinterland,Acceptable
Narangba - Burpengary,Acceptable
Redcliffe,Good
North Lakes,Good
Strathpine,Poor
Far North,Acceptable
Outback - North,Good
Outback - South,Good
Buderim,Good
Caloundra,Good
Maroochy,Acceptable
Nambour - Pomona,Acceptable
Noosa,Acceptable
Sunshine Coast Hinterland,Acceptable
Toowoomba,Good
Charters Towers - Ayr - Ingham,Good
Townsville,Good
Bundaberg,Good
Burnett,Good
Gympie - Cooloola,Good
Hervey Bay,Good
Maryborough,Acceptable
Adelaide City,Good
Adelaide Hills,Good
Burnside,Poor
Campbelltown (SA),Acceptable
Norwood - Payneham - St Peters,Acceptable
Prospect - Walkerville,Good
Unley,Acceptable
Gawler - Two Wells,Good
Playford,Good
Port Adelaide - East,Good
Salisbury,Good
Tea Tree Gully,Good
Holdfast Bay,Acceptable
Marion,Acceptable
Mitcham,Acceptable
Onkaparinga,Good
Charles Sturt,Acceptable
Port Adelaide - West,Acceptable
West Torrens,Acceptable
Barossa,Good
Lower North,Good
Mid North,Good
Yorke Peninsula,Good
Eyre Peninsula and South West,Good
Outback - North and East,Good
Fleurieu - Kangaroo Island,Good
Limestone Coast,Good
Murray and Mallee,Good
Augusta - Margaret River - Busselton,Good
Bunbury,Good
Manjimup,Good
Mandurah,Good
Cottesloe - Claremont,Good
Perth City,Acceptable
Bayswater - Bassendean,Good
Mundaring,Acceptable
Swan,Acceptable
Joondalup,Good
Stirling,Good
Wanneroo,Good
Belmont - Victoria Park,Good
Canning,Poor
Gosnells,Acceptable
Kalamunda,Good
Serpentine - Jarrahdale,Good
South Perth,Good
Cockburn,Acceptable
Kwinana,Good
Melville,Good
Rockingham,Good
Gascoyne,Good
Goldfields,Good
Kimberley,Good
Mid West,Good
Pilbara,Good
Albany,Good
Wheat Belt - North,Good
Wheat Belt - South,Good
Brighton,Acceptable
Hobart - North East,Good
Hobart - North West,Good
Hobart - South and West,Good
Hobart Inner,Good
Sorell - Dodges Ferry,Good
Launceston,Good
Meander Valley - West Tamar,Good
North East,Good
Central Highlands (Tas.),Poor
Huon - Bruny Island,Good
South East Coast,Acceptable
Burnie - Ulverstone,Acceptable
Devonport,Good
West Coast,Acceptable
Darwin Suburbs,Good
Litchfield,Acceptable
Palmerston,Good
Alice Springs,Good
Daly - Tiwi - West Arnhem,Poor
Belconnen,Good
Cotter - Namadgi,Poor
Fyshwick - Pialligo - Hume,Poor
Gungahlin,Good
North Canberra,Good
South Canberra,Good
Tuggeranong,Good
Weston Creek,Good
Woden,Good
Capital Region,Good
Central Coast,Good
Central West,Good
Coffs Harbour - Grafton,Good
Far West and Orana,Good
Hunter Valley exc Newcastle,Good
Illawarra,Good
Mid North Coast,Good
New England and North West,Good
Newcastle and Lake Macquarie,Good
Richmond - Tweed,Good
Riverina,Good
Southern Highlands and Shoalhaven,Good
Sydney - Baulkham Hills and Hawkesbury,Acceptable
Sydney - Blacktown,Good
Sydney - City and Inner South,Good
Sydney - Eastern Suburbs,Good
Sydney - Inner South West,Good
Sydney - Inner West,Good
Sydney - North Sydney and Hornsby,Good
Sydney - Northern Beaches,Good
Sydney - Outer South West,Good
Sydney - Outer West and Blue Mountains,Good
Sydney - Parramatta,Good
Sydney - Ryde,Good
Sydney - South West,Good
Sydney - Sutherland,Good
Hume,Good
Latrobe - Gippsland,Good
Melbourne - Inner,Good
Melbourne - Inner East,Good
Melbourne - Inner South,Good
Melbourne - North East,Good
Melbourne - North West,Good
Melbourne - Outer East,Good
Melbourne - South East,Good
Melbourne - West,Good
North West,Good
Warrnambool and South West,Good
Brisbane - East,Good
Brisbane - North,Good
Brisbane - South,Good
Brisbane - West,Acceptable
Brisbane Inner City,Good
Cairns,Good
Darling Downs - Maranoa,Good
Gold Coast,Good
Ipswich,Good
Logan - Beaudesert,Good
Moreton Bay - North,Good
Moreton Bay - South,Acceptable
Queensland - Outback,Good
Sunshine Coast,Good
Wide Bay,Good
Adelaide - Central and Hills,Good
Adelaide - North,Good
Adelaide - South,Good
Adelaide - West,Good
Barossa - Yorke - Mid North,Good
South Australia - Outback,Good
South Australia - South East,Good
Perth - Inner,Good
Perth - North East,Good
Perth - North West,Good
Perth - South East,Good
Perth - South West,Good
Western Australia - Outback,Good
Western Australia - Wheat Belt,Good
Hobart,Good
Launceston and North East,Good
South East,Acceptable
West and North West,Good
Darwin,Good
Northern Territory - Outback,Good
Australian Capital Territory,Good
Other Territories,Acceptable
